{"cameraMode":{"drawMode":0,"name":"Shaded","section":"Shading Mode"},"sceneLighting":false,"audioPlay":false,"sceneViewState":{"m_AlwaysRefresh":false,"showFog":true,"showSkybox":true,"showFlares":true,"showImageEffects":true,"showParticleSystems":true,"showVisualEffectGraphs":true,"m_FxEnabled":true},"in2DMode":false,"pivot":{"x":-6.765170097351074,"y":0.008425116539001465,"z":-1.275152564048767},"rotation":{"x":0.08787010610103607,"y":0.8774912357330322,"z":-0.17633241415023805,"w":0.43726927042007449},"size":0.8041092753410339,"orthographic":false}